{"loss":0.6972223706543446,"_timestamp":1.7629741043332531e+09,"_step":2,"epoch":3,"_runtime":2,"_wandb":{"runtime":2}}